{
  "id": 4,
  "title": "K8S Nodes",
  "tags": [
    "prometheus",
    "nodes",
    "kubernetes"
  ],
  "style": "dark",
  "timezone": "browser",
  "editable": true,
  "hideControls": true,
  "sharedCrosshair": true,
  "rows": [
    {
      "collapse": false,
      "editable": true,
      "height": "100px",
      "panels": [
        {
          "cacheTimeout": null,
          "colorBackground": false,
          "colorValue": true,
          "colors": [
            "rgba(50, 172, 45, 0.97)",
            "rgba(237, 129, 40, 0.89)",
            "rgba(245, 54, 54, 0.9)"
          ],
          "datasource": "prometheus.monitoring.svc.cluster.local",
          "editable": true,
          "error": false,
          "format": "percentunit",
          "gauge": {
            "maxValue": 100,
            "minValue": 0,
            "show": false,
            "thresholdLabels": false,
            "thresholdMarkers": true
          },
          "id": 8,
          "interval": null,
          "isNew": true,
          "links": [],
          "mappingType": 1,
          "mappingTypes": [
            {
              "name": "value to text",
              "value": 1
            },
            {
              "name": "range to text",
              "value": 2
            }
          ],
          "maxDataPoints": 100,
          "nullPointMode": "connected",
          "nullText": null,
          "postfix": "",
          "postfixFontSize": "50%",
          "prefix": "",
          "prefixFontSize": "50%",
          "rangeMaps": [
            {
              "from": "null",
              "text": "N/A",
              "to": "null"
            }
          ],
          "span": 2,
          "sparkline": {
            "fillColor": "rgba(31, 118, 189, 0.18)",
            "full": false,
            "lineColor": "rgb(31, 120, 193)",
            "show": true
          },
          "targets": [
            {
              "expr": "node_load1{instance=~\"$node:.*\",app=\"node-exporter\"}",
              "intervalFactor": 2,
              "legendFormat": "",
              "refId": "A",
              "step": 60
            }
          ],
          "thresholds": "0.8,0.9",
          "timeFrom": null,
          "title": "Load",
          "type": "singlestat",
          "valueFontSize": "80%",
          "valueMaps": [
            {
              "op": "=",
              "text": "N/A",
              "value": "null"
            }
          ],
          "valueName": "current"
        },
        {
          "cacheTimeout": null,
          "colorBackground": false,
          "colorValue": true,
          "colors": [
            "rgba(49, 182, 42, 0.97)",
            "rgba(65, 237, 40, 0.89)",
            "rgba(189, 46, 46, 0.9)"
          ],
          "datasource": "prometheus.monitoring.svc.cluster.local",
          "editable": true,
          "error": false,
          "format": "none",
          "gauge": {
            "maxValue": 100,
            "minValue": 0,
            "show": false,
            "thresholdLabels": false,
            "thresholdMarkers": true
          },
          "height": "",
          "id": 9,
          "interval": null,
          "isNew": true,
          "links": [],
          "mappingType": 1,
          "mappingTypes": [
            {
              "name": "value to text",
              "value": 1
            },
            {
              "name": "range to text",
              "value": 2
            }
          ],
          "maxDataPoints": 100,
          "nullPointMode": "connected",
          "nullText": null,
          "postfix": "",
          "postfixFontSize": "50%",
          "prefix": "",
          "prefixFontSize": "50%",
          "rangeMaps": [
            {
              "from": "null",
              "text": "N/A",
              "to": "null"
            }
          ],
          "span": 2,
          "sparkline": {
            "fillColor": "rgba(31, 118, 189, 0.18)",
            "full": false,
            "lineColor": "rgb(31, 120, 193)",
            "show": false
          },
          "targets": [
            {
              "expr": "up{app=\"node-exporter\", instance=~\"$node:.*\"}",
              "intervalFactor": 2,
              "legendFormat": "",
              "refId": "A",
              "step": 60
            }
          ],
          "thresholds": "1,1",
          "title": "State",
          "type": "singlestat",
          "valueFontSize": "80%",
          "valueMaps": [
            {
              "op": "=",
              "text": "up",
              "value": "1"
            },
            {
              "op": "=",
              "text": "down",
              "value": "0"
            }
          ],
          "valueName": "current"
        },
        {
          "cacheTimeout": null,
          "colorBackground": false,
          "colorValue": false,
          "colors": [
            "rgba(50, 172, 45, 0.97)",
            "rgba(237, 129, 40, 0.89)",
            "rgba(245, 54, 54, 0.9)"
          ],
          "datasource": "prometheus.monitoring.svc.cluster.local",
          "editable": true,
          "error": false,
          "format": "none",
          "gauge": {
            "maxValue": 100,
            "minValue": 0,
            "show": false,
            "thresholdLabels": false,
            "thresholdMarkers": true
          },
          "id": 5,
          "interval": null,
          "isNew": true,
          "links": [],
          "mappingType": 1,
          "mappingTypes": [
            {
              "name": "value to text",
              "value": 1
            },
            {
              "name": "range to text",
              "value": 2
            }
          ],
          "maxDataPoints": 100,
          "nullPointMode": "connected",
          "nullText": null,
          "postfix": "",
          "postfixFontSize": "50%",
          "prefix": "",
          "prefixFontSize": "50%",
          "rangeMaps": [
            {
              "from": "null",
              "text": "N/A",
              "to": "null"
            }
          ],
          "span": 2,
          "sparkline": {
            "fillColor": "rgba(31, 118, 189, 0.18)",
            "full": false,
            "lineColor": "rgb(31, 120, 193)",
            "show": false
          },
          "targets": [
            {
              "expr": "count(count by(cpu)(node_cpu{app=\"node-exporter\", instance=~\"$node:.*\"}))\t",
              "intervalFactor": 10,
              "legendFormat": "",
              "metric": "",
              "refId": "A",
              "step": 300
            }
          ],
          "thresholds": "",
          "title": "Cores",
          "type": "singlestat",
          "valueFontSize": "80%",
          "valueMaps": [
            {
              "op": "=",
              "text": "N/A",
              "value": "null"
            }
          ],
          "valueName": "avg"
        },
        {
          "cacheTimeout": null,
          "colorBackground": false,
          "colorValue": false,
          "colors": [
            "rgba(50, 172, 45, 0.97)",
            "rgba(237, 129, 40, 0.89)",
            "rgba(245, 54, 54, 0.9)"
          ],
          "datasource": "prometheus.monitoring.svc.cluster.local",
          "editable": true,
          "error": false,
          "format": "bytes",
          "gauge": {
            "maxValue": 100,
            "minValue": 0,
            "show": false,
            "thresholdLabels": false,
            "thresholdMarkers": true
          },
          "id": 6,
          "interval": null,
          "isNew": true,
          "links": [],
          "mappingType": 1,
          "mappingTypes": [
            {
              "name": "value to text",
              "value": 1
            },
            {
              "name": "range to text",
              "value": 2
            }
          ],
          "maxDataPoints": 100,
          "nullPointMode": "connected",
          "nullText": null,
          "postfix": "",
          "postfixFontSize": "50%",
          "prefix": "",
          "prefixFontSize": "50%",
          "rangeMaps": [
            {
              "from": "null",
              "text": "N/A",
              "to": "null"
            }
          ],
          "span": 2,
          "sparkline": {
            "fillColor": "rgba(31, 118, 189, 0.18)",
            "full": false,
            "lineColor": "rgb(31, 120, 193)",
            "show": false
          },
          "targets": [
            {
              "expr": "node_memory_MemTotal{app=\"node-exporter\", instance=~\"$node:.*\"}",
              "intervalFactor": 10,
              "legendFormat": "",
              "metric": "",
              "refId": "A",
              "step": 300
            }
          ],
          "thresholds": "",
          "title": "Memory",
          "type": "singlestat",
          "valueFontSize": "70%",
          "valueMaps": [
            {
              "op": "=",
              "text": "N/A",
              "value": "null"
            }
          ],
          "valueName": "avg"
        },
        {
          "cacheTimeout": null,
          "colorBackground": false,
          "colorValue": false,
          "colors": [
            "rgba(50, 172, 45, 0.97)",
            "rgba(237, 129, 40, 0.89)",
            "rgba(245, 54, 54, 0.9)"
          ],
          "datasource": "prometheus.monitoring.svc.cluster.local",
          "editable": true,
          "error": false,
          "format": "bytes",
          "gauge": {
            "maxValue": 100,
            "minValue": 0,
            "show": false,
            "thresholdLabels": false,
            "thresholdMarkers": true
          },
          "id": 7,
          "interval": null,
          "isNew": true,
          "links": [],
          "mappingType": 1,
          "mappingTypes": [
            {
              "name": "value to text",
              "value": 1
            },
            {
              "name": "range to text",
              "value": 2
            }
          ],
          "maxDataPoints": 100,
          "nullPointMode": "connected",
          "nullText": null,
          "postfix": "",
          "postfixFontSize": "50%",
          "prefix": "",
          "prefixFontSize": "50%",
          "rangeMaps": [
            {
              "from": "null",
              "text": "N/A",
              "to": "null"
            }
          ],
          "span": 2,
          "sparkline": {
            "fillColor": "rgba(31, 118, 189, 0.18)",
            "full": false,
            "lineColor": "rgb(31, 120, 193)",
            "show": false
          },
          "targets": [
            {
              "expr": "sum(node_filesystem_size{app=\"node-exporter\", instance=~\"$node:.*\", device=~\"overlay\", mountpoint!=\"/var/lib/docker/aufs\"})",
              "intervalFactor": 10,
              "legendFormat": "",
              "metric": "",
              "refId": "A",
              "step": 300
            }
          ],
          "thresholds": "",
          "title": "All disks",
          "type": "singlestat",
          "valueFontSize": "70%",
          "valueMaps": [
            {
              "op": "=",
              "text": "N/A",
              "value": "null"
            }
          ],
          "valueName": "avg"
        },
        {
          "cacheTimeout": null,
          "colorBackground": false,
          "colorValue": false,
          "colors": [
            "rgba(50, 172, 45, 0.97)",
            "rgba(237, 129, 40, 0.89)",
            "rgba(245, 54, 54, 0.9)"
          ],
          "datasource": "prometheus.monitoring.svc.cluster.local",
          "editable": true,
          "error": false,
          "format": "s",
          "gauge": {
            "maxValue": 100,
            "minValue": 0,
            "show": false,
            "thresholdLabels": false,
            "thresholdMarkers": true
          },
          "id": 10,
          "interval": null,
          "isNew": true,
          "links": [],
          "mappingType": 1,
          "mappingTypes": [
            {
              "name": "value to text",
              "value": 1
            },
            {
              "name": "range to text",
              "value": 2
            }
          ],
          "maxDataPoints": 100,
          "nullPointMode": "connected",
          "nullText": null,
          "postfix": "",
          "postfixFontSize": "50%",
          "prefix": "",
          "prefixFontSize": "50%",
          "rangeMaps": [
            {
              "from": "null",
              "text": "N/A",
              "to": "null"
            }
          ],
          "span": 2,
          "sparkline": {
            "fillColor": "rgba(31, 118, 189, 0.18)",
            "full": false,
            "lineColor": "rgb(31, 120, 193)",
            "show": false
          },
          "targets": [
            {
              "expr": "time() - node_boot_time{app=\"node-exporter\", instance=~\"$node:.*\"}",
              "intervalFactor": 10,
              "legendFormat": "",
              "metric": "node_boot_time",
              "refId": "A",
              "step": 300
            }
          ],
          "thresholds": "",
          "title": "Uptime",
          "type": "singlestat",
          "valueFontSize": "70%",
          "valueMaps": [
            {
              "op": "=",
              "text": "N/A",
              "value": "null"
            }
          ],
          "valueName": "avg"
        }
      ],
      "title": "New row"
    },
    {
      "collapse": false,
      "editable": true,
      "height": 238,
      "panels": [
        {
          "aliasColors": {},
          "bars": false,
          "datasource": "prometheus.monitoring.svc.cluster.local",
          "decimals": 2,
          "editable": true,
          "error": false,
          "fill": 4,
          "grid": {
            "leftLogBase": 1,
            "leftMax": null,
            "leftMin": null,
            "rightLogBase": 1,
            "rightMax": null,
            "rightMin": null,
            "threshold1": null,
            "threshold1Color": "rgba(216, 200, 27, 0.27)",
            "threshold2": null,
            "threshold2Color": "rgba(234, 112, 112, 0.22)"
          },
          "height": "400",
          "id": 1,
          "isNew": true,
          "legend": {
            "alignAsTable": true,
            "avg": true,
            "current": true,
            "max": true,
            "min": true,
            "rightSide": true,
            "show": true,
            "total": false,
            "values": true
          },
          "lines": true,
          "linewidth": 1,
          "links": [],
          "nullPointMode": "null as zero",
          "percentage": false,
          "pointradius": 5,
          "points": false,
          "renderer": "flot",
          "seriesOverrides": [],
          "span": 12,
          "stack": true,
          "steppedLine": false,
          "targets": [
            {
              "expr": "sum by(mode)(irate(node_cpu{app=\"node-exporter\", instance=~\"$node:.*\", mode!=\"idle\"}[5m])) > 0",
              "interval": "",
              "intervalFactor": 2,
              "legendFormat": "{{mode}}",
              "metric": "",
              "refId": "A",
              "step": 4
            }
          ],
          "timeFrom": null,
          "timeShift": null,
          "title": "CPU usage",
          "tooltip": {
            "msResolution": false,
            "shared": true,
            "sort": 0,
            "value_type": "individual"
          },
          "type": "graph",
          "x-axis": true,
          "xaxis": {
            "show": true
          },
          "y-axis": true,
          "y_formats": [
            "short",
            "short"
          ],
          "yaxes": [
            {
              "format": "percentunit",
              "logBase": 1,
              "max": null,
              "min": null,
              "show": true
            },
            {
              "format": "short",
              "logBase": 1,
              "max": null,
              "min": null,
              "show": true
            }
          ]
        }
      ],
      "title": "Row"
    },
    {
      "collapse": false,
      "editable": true,
      "height": 192,
      "panels": [
        {
          "aliasColors": {
            "buffers": "#705DA0",
            "free": "#7EB26D"
          },
          "bars": false,
          "datasource": "prometheus.monitoring.svc.cluster.local",
          "editable": true,
          "error": false,
          "fill": 7,
          "grid": {
            "leftLogBase": 1,
            "leftMax": null,
            "leftMin": null,
            "rightLogBase": 1,
            "rightMax": null,
            "rightMin": null,
            "threshold1": null,
            "threshold1Color": "rgba(216, 200, 27, 0.27)",
            "threshold2": null,
            "threshold2Color": "rgba(234, 112, 112, 0.22)"
          },
          "height": "450",
          "id": 3,
          "isNew": true,
          "legend": {
            "alignAsTable": true,
            "avg": true,
            "current": true,
            "max": true,
            "min": true,
            "show": true,
            "total": false,
            "values": true
          },
          "lines": true,
          "linewidth": 2,
          "links": [],
          "nullPointMode": "null",
          "percentage": false,
          "pointradius": 5,
          "points": false,
          "renderer": "flot",
          "seriesOverrides": [
            {
              "alias": "free",
              "fill": 1,
              "fillBelowTo": "used",
              "lines": false,
              "zindex": 2
            },
            {
              "alias": "used",
              "zindex": 1
            }
          ],
          "span": 6,
          "stack": true,
          "steppedLine": false,
          "targets": [
            {
              "expr": "node_memory_Buffers{app=\"node-exporter\", instance=~\"$node:.*\"}",
              "interval": "",
              "intervalFactor": 2,
              "legendFormat": "buffers",
              "refId": "A",
              "step": 10
            },
            {
              "expr": "node_memory_Cached{app=\"node-exporter\", instance=~\"$node:.*\"}",
              "interval": "",
              "intervalFactor": 2,
              "legendFormat": "cached",
              "refId": "B",
              "step": 10
            },
            {
              "expr": "node_memory_MemFree{app=\"node-exporter\", instance=~\"$node:.*\"}",
              "interval": "",
              "intervalFactor": 2,
              "legendFormat": "free",
              "refId": "C",
              "step": 10
            },
            {
              "expr": "node_memory_MemTotal{app=\"node-exporter\", instance=~\"$node:.*\"} - node_memory_MemFree{app=\"node-exporter\", instance=~\"$node:.*\"} - node_memory_Cached{app=\"node-exporter\", instance=~\"$node:.*\"} - node_memory_Buffers{app=\"node-exporter\", instance=~\"$node:.*\"}",
              "interval": "",
              "intervalFactor": 2,
              "legendFormat": "used",
              "refId": "D",
              "step": 10
            }
          ],
          "timeFrom": null,
          "timeShift": null,
          "title": "Memory usage",
          "tooltip": {
            "msResolution": false,
            "shared": true,
            "sort": 0,
            "value_type": "individual"
          },
          "transparent": false,
          "type": "graph",
          "x-axis": true,
          "xaxis": {
            "show": true
          },
          "y-axis": true,
          "y_formats": [
            "bytes",
            "bytes"
          ],
          "yaxes": [
            {
              "format": "bytes",
              "logBase": 1,
              "max": null,
              "min": null,
              "show": true
            },
            {
              "format": "short",
              "logBase": 1,
              "max": null,
              "min": null,
              "show": true
            }
          ]
        },
        {
          "aliasColors": {
            "buffers": "#705DA0",
            "free": "#7EB26D"
          },
          "bars": false,
          "datasource": "prometheus.monitoring.svc.cluster.local",
          "editable": true,
          "error": false,
          "fill": 1,
          "grid": {
            "leftLogBase": 1,
            "leftMax": null,
            "leftMin": null,
            "rightLogBase": 1,
            "rightMax": null,
            "rightMin": null,
            "threshold1": null,
            "threshold1Color": "rgba(216, 200, 27, 0.27)",
            "threshold2": null,
            "threshold2Color": "rgba(234, 112, 112, 0.22)"
          },
          "height": "450",
          "id": 4,
          "isNew": true,
          "legend": {
            "alignAsTable": true,
            "avg": true,
            "current": true,
            "max": true,
            "min": true,
            "show": true,
            "total": false,
            "values": true
          },
          "lines": true,
          "linewidth": 2,
          "links": [],
          "nullPointMode": "null as zero",
          "percentage": false,
          "pointradius": 5,
          "points": false,
          "renderer": "flot",
          "seriesOverrides": [
            {
              "alias": "/.*outbound/",
              "transform": "negative-Y"
            }
          ],
          "span": 6,
          "stack": false,
          "steppedLine": false,
          "targets": [
            {
              "expr": "irate(node_network_transmit_bytes{app=\"node-exporter\", instance=~\"$node:.*\", device!~\"lo|bond[0-9]|cbr[0-9]|veth.*\"}[5m]) > 0",
              "interval": "",
              "intervalFactor": 2,
              "legendFormat": "{{device}} outbound",
              "metric": "",
              "refId": "A",
              "step": 10
            },
            {
              "expr": "irate(node_network_receive_bytes{app=\"node-exporter\", instance=~\"$node:.*\", device!~\"lo|bond[0-9]|cbr[0-9]|veth.*\"}[5m]) > 0",
              "hide": false,
              "interval": "",
              "intervalFactor": 2,
              "legendFormat": "{{device}} inbound",
              "metric": "",
              "refId": "B",
              "step": 10
            }
          ],
          "timeFrom": null,
          "timeShift": null,
          "title": "Network usage",
          "tooltip": {
            "msResolution": false,
            "shared": true,
            "sort": 0,
            "value_type": "individual"
          },
          "type": "graph",
          "x-axis": true,
          "xaxis": {
            "show": true
          },
          "y-axis": true,
          "y_formats": [
            "short",
            "short"
          ],
          "yaxes": [
            {
              "format": "Bps",
              "logBase": 1,
              "max": null,
              "min": null,
              "show": true
            },
            {
              "format": "short",
              "logBase": 1,
              "max": null,
              "min": null,
              "show": true
            }
          ]
        }
      ],
      "title": "New row"
    },
    {
      "collapse": false,
      "editable": true,
      "height": -7,
      "panels": [
        {
          "aliasColors": {
            "buffers": "#705DA0",
            "free": "#7EB26D"
          },
          "bars": false,
          "datasource": "prometheus.monitoring.svc.cluster.local",
          "editable": true,
          "error": false,
          "fill": 1,
          "grid": {
            "leftLogBase": 1,
            "leftMax": null,
            "leftMin": null,
            "rightLogBase": 1,
            "rightMax": null,
            "rightMin": null,
            "threshold1": null,
            "threshold1Color": "rgba(216, 200, 27, 0.27)",
            "threshold2": null,
            "threshold2Color": "rgba(234, 112, 112, 0.22)",
            "thresholdLine": false
          },
          "height": "410",
          "id": 2,
          "isNew": true,
          "legend": {
            "alignAsTable": true,
            "avg": true,
            "current": true,
            "max": true,
            "min": true,
            "show": true,
            "total": false,
            "values": true
          },
          "lines": true,
          "linewidth": 2,
          "links": [],
          "nullPointMode": "connected",
          "percentage": false,
          "pointradius": 5,
          "points": false,
          "renderer": "flot",
          "seriesOverrides": [],
          "span": 6,
          "stack": false,
          "steppedLine": false,
          "targets": [
            {
              "expr": "irate(node_disk_io_time_ms{app=\"node-exporter\", instance=~\"$node:.*\"}[5m]) / 1000",
              "interval": "",
              "intervalFactor": 2,
              "legendFormat": "{{device}}",
              "refId": "A",
              "step": 10
            }
          ],
          "timeFrom": null,
          "timeShift": null,
          "title": "Disk I/O utilization",
          "tooltip": {
            "msResolution": false,
            "shared": true,
            "sort": 0,
            "value_type": "individual"
          },
          "type": "graph",
          "x-axis": true,
          "xaxis": {
            "show": true
          },
          "y-axis": true,
          "y_formats": [
            "short",
            "short"
          ],
          "yaxes": [
            {
              "format": "short",
              "logBase": 1,
              "max": null,
              "min": null,
              "show": true
            },
            {
              "format": "short",
              "logBase": 1,
              "max": null,
              "min": null,
              "show": true
            }
          ]
        },
        {
          "aliasColors": {
            "free": "#7EB26D",
            "size": "#7EB26D",
            "usage": "#EAB839",
            "used": "#EAB839"
          },
          "bars": false,
          "datasource": "prometheus.monitoring.svc.cluster.local",
          "decimals": 2,
          "editable": true,
          "error": false,
          "fill": 7,
          "grid": {
            "leftLogBase": 1,
            "leftMax": null,
            "leftMin": null,
            "rightLogBase": 1,
            "rightMax": null,
            "rightMin": null,
            "threshold1": null,
            "threshold1Color": "rgba(216, 200, 27, 0.27)",
            "threshold2": null,
            "threshold2Color": "rgba(234, 112, 112, 0.22)"
          },
          "height": "410",
          "id": 11,
          "isNew": true,
          "legend": {
            "alignAsTable": true,
            "avg": true,
            "current": true,
            "hideZero": false,
            "max": true,
            "min": true,
            "rightSide": false,
            "show": true,
            "sortDesc": true,
            "total": true,
            "values": true
          },
          "lines": true,
          "linewidth": 2,
          "links": [],
          "minSpan": null,
          "nullPointMode": "null as zero",
          "percentage": false,
          "pointradius": 5,
          "points": false,
          "renderer": "flot",
          "repeat": null,
          "scopedVars": {},
          "seriesOverrides": [
            {
              "alias": "free",
              "fill": 10,
              "fillBelowTo": "used",
              "lines": false,
              "linewidth": 2
            }
          ],
          "span": 6,
          "stack": false,
          "steppedLine": false,
          "targets": [
            {
              "expr": "node_filesystem_size{app=\"node-exporter\", instance=~\"$node:.*\", device=\"overlay\", mountpoint=\"/\"} - node_filesystem_free{app=\"node-exporter\", instance=~\"$node:.*\", device=\"overlay\", mountpoint=\"/\"}",
              "interval": "",
              "intervalFactor": 2,
              "legendFormat": "used",
              "metric": "",
              "refId": "A",
              "step": 10
            },
            {
              "expr": "node_filesystem_free{app=\"node-exporter\", instance=~\"$node:.*\", device=\"overlay\", mountpoint=\"/\"}",
              "interval": "",
              "intervalFactor": 2,
              "legendFormat": "free",
              "metric": "",
              "refId": "B",
              "step": 10
            }
          ],
          "timeFrom": null,
          "timeShift": null,
          "title": "Filesystem $filesystem_mountpoint usage",
          "tooltip": {
            "msResolution": false,
            "shared": true,
            "sort": 0,
            "value_type": "individual"
          },
          "transparent": false,
          "type": "graph",
          "x-axis": true,
          "xaxis": {
            "show": true
          },
          "y-axis": true,
          "y_formats": [
            "bytes",
            "bytes"
          ],
          "yaxes": [
            {
              "format": "bytes",
              "logBase": 1,
              "max": null,
              "min": 0,
              "show": true
            },
            {
              "format": "short",
              "logBase": 1,
              "max": null,
              "min": null,
              "show": true
            }
          ]
        }
      ],
      "title": "New row"
    }
  ],
  "time": {
    "from": "now-1h",
    "to": "now"
  },
  "timepicker": {
    "now": true,
    "refresh_intervals": [
      "5s",
      "10s",
      "30s",
      "1m",
      "5m",
      "15m",
      "30m",
      "1h",
      "2h",
      "1d"
    ],
    "time_options": [
      "5m",
      "15m",
      "1h",
      "6h",
      "12h",
      "24h",
      "2d",
      "7d",
      "30d"
    ]
  },
  "templating": {
    "list": [
      {
        "allFormat": "pipe",
        "current": {
          "text": "10.35.148.179",
          "value": "10.35.148.179"
        },
        "datasource": "prometheus.monitoring.svc.cluster.local",
        "hide": 0,
        "hideLabel": false,
        "includeAll": false,
        "label": "Node",
        "multi": false,
        "multiFormat": "pipe",
        "name": "node",
        "options": [
          {
            "text": "10.35.148.179",
            "value": "10.35.148.179",
            "selected": true
          },
          {
            "text": "10.35.148.206",
            "value": "10.35.148.206",
            "selected": false
          },
          {
            "text": "10.35.48.110",
            "value": "10.35.48.110",
            "selected": false
          },
          {
            "text": "10.35.48.26",
            "value": "10.35.48.26",
            "selected": false
          }
        ],
        "query": "label_values(node_load1{app=\"node-exporter\"}, instance)",
        "refresh": 1,
        "regex": "/([^:]+):.*/",
        "type": "query",
        "useTags": false
      },
      {
        "allFormat": "regex wildcard",
        "current": {
          "text": "All",
          "value": "$__all"
        },
        "datasource": "prometheus.monitoring.svc.cluster.local",
        "hide": 2,
        "hideVariable": true,
        "includeAll": true,
        "multi": false,
        "multiFormat": "glob",
        "name": "filesystem_mountpoint",
        "options": [
          {
            "text": "All",
            "value": "$__all",
            "selected": true
          },
          {
            "text": "/",
            "value": "/",
            "selected": false
          }
        ],
        "query": "node_filesystem_size{app=\"node-exporter\", instance=~\"$node:.*\", device=\"overlay\", mountpoint=\"/\"}",
        "refresh": 1,
        "regex": "/mountpoint=\"([^\"]+)/",
        "type": "query"
      }
    ]
  },
  "annotations": {
    "list": []
  },
  "refresh": "30s",
  "schemaVersion": 12,
  "version": 8,
  "links": [
    {
      "asDropdown": false,
      "icon": "external link",
      "keepTime": true,
      "tags": [
        "prometheus"
      ],
      "title": "",
      "type": "dashboards"
    }
  ],
  "gnetId": null
}
